treatment,requested_qps,input_tokens_per_second,output_tokens_per_second,total_tokens_per_second,requests_per_second,ttft_mean_seconds,ttft_p50_seconds,ttft_p90_seconds,itl_mean_seconds,itl_p50_seconds,ntpot_mean_seconds,ntpot_p50_seconds,failures,requests,failure_rate
service,3.0,11503.596220598163,1569.9745971620982,13073.570817760261,1.5977216973053003,0.44429938492442794,0.4855520714772865,0.5148372672265396,0.01792539998956845,0.01612949196714908,0.018592630535022563,0.01798880284995539,0.0,60.0,0.0
service,10.0,33930.645310927925,5112.735611705391,39043.38092263332,4.712589626517768,0.5624921136262128,0.5064612334826961,0.9502927532885223,0.02343723281651085,0.022294262889772654,0.032769966581297605,0.02651632518526569,0.0,200.0,0.0
service,15.0,32320.229472369305,4634.017642085351,36954.24711445466,4.488920760051293,1.0216799809182218,0.5718230929924175,1.7923080221167766,0.031494547249183664,0.02792685345048085,0.07619524823443098,0.03522006891183779,0.0,300.0,0.0
service,20.0,43775.307432263464,6181.518202398546,49956.82563466201,6.079903810036592,16.788055226358118,2.482193897420075,36.01030341892038,0.04038861760144181,0.030047064006794244,0.1304162470146181,0.057537559968428784,0.0,760.0,0.0
service,22.0,44084.89004399636,6254.543774991984,50339.43381898835,6.122901394999495,17.791630647738963,3.868383436987642,36.78848744758871,0.04170006155730675,0.0302008839789778,0.13018376439914467,0.06428183773589656,0.0,748.0,0.0
service,25.0,42769.64790727726,6043.802706692854,48813.45061397012,5.940228876010731,21.96000503822354,6.693649045540951,41.225694391143044,0.041361125439183834,0.0301172339823097,0.15575572449258587,0.06769425680530139,0.0,750.0,0.0
service,30.0,43794.63239267638,6295.81092124873,50090.44331392511,6.082587832316165,21.665828232227824,6.96267025306588,42.61537396111525,0.04126903953512137,0.030230033909901977,0.1318563050225732,0.0729189679340049,0.0,750.0,0.0
service,35.0,42853.69858796039,6145.489225358025,48999.187813318415,5.951902581661166,22.438835869022,7.638133830041625,45.19686885757837,0.04138130536121994,0.030223564011976123,0.12231134744660388,0.07254900645944304,0.0,735.0,0.0
service,40.0,48684.803707217034,6910.212671808169,55595.016379025205,6.761778292669033,64.5031793560361,78.04157234349987,124.53171786206076,0.043335432052543255,0.030391194042749703,0.28793932495281355,0.1266460353852854,0.0,1520.0,0.0
service,43.0,48727.86102954411,6858.261944166925,55586.12297371103,6.767758476325571,68.08422804851138,80.18435114051681,129.18915484364842,0.0431951379729301,0.03040753398090601,0.25330468792281247,0.12852774474727865,0.0,1548.0,0.0
service,46.0,47929.87528934324,6800.143148552775,54730.01843789601,6.6569271235198935,68.02844357919827,65.34275427903049,131.96879429563415,0.04333255647592945,0.03043846396030858,0.23217964727087856,0.13058881069748896,0.0,1518.0,0.0
service,49.0,47477.90542529427,6779.565876807093,54257.47130210137,6.594153531290871,66.92081123598832,55.118164095969405,131.3106305822381,0.043285183941279004,0.030430893995799124,0.2363770809176936,0.13053083742951277,0.0,1470.0,0.0
service,52.0,48820.20307453384,6892.975982947252,55713.179057481095,6.780583760351923,69.68626782034107,71.96844228345435,133.61431046595098,0.04328036125612368,0.03038660401944071,0.2867025356968608,0.13251005062738574,0.0,1508.0,0.0
service,55.0,48351.4213258416,6865.137575538113,55216.558901379714,6.715475184144667,68.11642817942392,56.38790225004777,133.57044004225173,0.04355175149221362,0.030485464027151465,0.24170138750332917,0.13196492378297262,0.0,1485.0,0.0
service,57.0,48021.38318356429,6840.004813300278,54861.38799686457,6.669636553272818,68.92170332540009,55.24773368757451,134.33478256077507,0.04313486986530813,0.030462573980912566,0.2294224301939611,0.1321347232350381,0.0,1482.0,0.0
service,60.0,48253.72950880769,6878.537865915115,55132.26737472281,6.701906876223291,70.50749036829197,62.939835166034754,135.59904143075693,0.043198107088589614,0.030317444005049765,0.2205583167749312,0.1338126110171024,0.0,1500.0,0.0
agentgateway-standalone,3.0,12510.137544349538,1693.9073738869952,14204.044918236534,1.7375191033818802,0.09271785082528368,0.08236233098432422,0.14574138699099423,0.015971692592934635,0.01574079308193177,0.023732712632805852,0.015966119172894568,0.0,60.0,0.0
agentgateway-standalone,10.0,36017.63185092261,4722.962049918273,40740.59390084088,5.002448868183696,0.1011386097164359,0.09074482799042016,0.15758009703131393,0.020444174324226086,0.020270462962798774,0.03795532060812598,0.02026308712549508,0.0,200.0,0.0
agentgateway-standalone,15.0,49726.359562432335,6479.551844149776,56205.91140658211,6.9064388281156015,0.1082823058058663,0.09225567255634815,0.17433033816050741,0.0234130324538457,0.022458893014118075,0.06185693182404866,0.023184566911027514,0.0,300.0,0.0
agentgateway-standalone,20.0,81559.08720861122,10973.989813095504,92533.07702170673,11.327651001196003,0.16723987929596518,0.18089464004151523,0.26251649095211177,0.03221262062824708,0.029749304056167603,0.07003282627759161,0.034012317798507864,0.0,760.0,0.0
agentgateway-standalone,22.0,86870.92776123577,11831.131277963488,98702.05903919926,12.065406633504967,0.11296319188413155,0.11328274552943185,0.14295276999473572,0.029235889848613906,0.029075884027406573,0.06053174250234363,0.0306601055426553,0.0,748.0,0.0
agentgateway-standalone,25.0,89871.2245094591,12227.163165524802,102098.38767498391,12.482114515202653,0.11436559714920198,0.11348456551786512,0.14458988894475625,0.029891549613425775,0.030257283942773938,0.0651932983855052,0.03154649156500818,0.0,750.0,0.0
agentgateway-standalone,30.0,95020.05091081475,12923.413179794052,107943.4640906088,13.197229293168716,0.11418153046645844,0.11496204050490633,0.14500819389941172,0.031355496830390545,0.0332676749676466,0.0661934209947222,0.032736343990025236,0.0,750.0,0.0
agentgateway-standalone,35.0,95443.29175907168,13032.22960672168,108475.52136579336,13.256012744315512,0.11396611973700323,0.11405018495861441,0.14507259542588144,0.031718199180180005,0.03358738502720371,0.05863366013493191,0.03290967886183258,0.0,735.0,0.0
agentgateway-standalone,40.0,116390.42870021569,15963.557750420197,132353.9864506359,16.1653373194744,0.15218902263915976,0.14955064054811373,0.216460024996195,0.04734050594202779,0.04811155691277236,0.08880179982606586,0.04947220601745245,0.0,1520.0,0.0
agentgateway-standalone,43.0,117277.14821400202,15781.31880664659,133058.46702064862,16.28849280750028,0.15170186774119931,0.14851725549669936,0.2105408629751764,0.04847514175970665,0.04911227198317647,0.12089965448665682,0.050318506902491206,0.0,1548.0,0.0
agentgateway-standalone,46.0,115179.70131943954,15565.646776970749,130745.3480964103,15.997180738811048,0.1603710834133716,0.15004719607532024,0.215410582954064,0.04904106754386426,0.050097651954274625,0.13144208190966075,0.05068815032368404,0.0,1518.0,0.0
agentgateway-standalone,49.0,116622.02678473621,15834.161757401318,132456.18854213753,16.19750372010225,0.15052274533263946,0.14610010100295767,0.21260604993440213,0.04958095402712243,0.05063390696886927,0.12711260292247287,0.05150110965192454,0.0,1470.0,0.0
agentgateway-standalone,52.0,116467.41163774466,16031.174552660152,132498.5861904048,16.176029394131206,0.15162366571604888,0.14889842603588477,0.21325146600138395,0.051668012486085726,0.051930287561845034,0.10467026304254118,0.053973419188857744,0.0,1508.0,0.0
agentgateway-standalone,55.0,116453.30000970105,15766.167038509424,132219.46704821047,16.17406944579181,0.15551058237632165,0.14985053101554513,0.220731963054277,0.05174320947990799,0.051735347020439804,0.10553004037040908,0.05414679543499369,0.0,1485.0,0.0
agentgateway-standalone,57.0,116198.14979817063,15829.242799423926,132027.39259759456,16.13863191641259,0.15024550031168654,0.14556700049433857,0.21336815601680428,0.05136456224604826,0.05155014700721949,0.11053361066106505,0.05339643597982375,0.0,1482.0,0.0
agentgateway-standalone,60.0,118951.28673607696,16178.234088732894,135129.52082480985,16.521012046677356,0.1519910846018077,0.14820081100333482,0.21448402515379714,0.05319834085155357,0.05267447791993618,0.12110073974948303,0.054958149435347214,0.0,1500.0,0.0
